station_id,station_name,line_code,line_name,line_name_raw,name_en,is_transfer,transfer_line_name,lat,lng,operator,address
1916,소요산역,I4102,1호선,경원선,Soyosan,False,,37.948608,127.061007,한국철도공사,경기도 동두천시 평화로 2925(상봉암동 126)
1915,동두천역,I4102,1호선,경원선,Dongducheon,False,,37.927569,127.054825,한국철도공사,경기도 동두천시 평화로 2687(동두천동 245-210)
1914,보산역,I4102,1호선,경원선,Bosan,False,,37.914268,127.057134,한국철도공사,경기도 동두천시 평화로 2539(보산동)
1913,동두천중앙역,I4102,1호선,경원선,Dongducheon jungang,False,,37.901818,127.056528,한국철도공사,경기도 동두천시 동두천로 228(생연동 682)
1912,지행역,I4102,1호선,경원선,Jihaeng,False,,37.892361,127.055734,한국철도공사,경기도 동두천시 평화로 2285(지행동)
1911,덕정역,I4102,1호선,경원선,Deokjeong,False,,37.843216,127.061511,한국철도공사,경기도 양주시 화합로 1356
1910,덕계역,I4102,1호선,경원선,Deokgye,False,,37.818761,127.056676,한국철도공사,경기도 양주시 고덕로 139번길 317
1909,양주역,I4102,1호선,경원선,Yangju,False,,37.774281,127.044719,한국철도공사,경기도 양주시 평화로 919(남방동 94-1)
1908,녹양역,I4102,1호선,경원선,Nogyang,False,,37.759416,127.042272,한국철도공사,경기도 의정부시 평화로 757(녹양동 973)
1907,가능역,I4102,1호선,경원선,Ganeung,False,,37.748362,127.044251,한국철도공사,경기도 의정부시 평화로 633
1906,의정부역,I4102,1호선,경원선,Uijeongbu,False,,37.73873,127.045891,한국철도공사,경기도 의정부시 평화로 525
1905,회룡역,I4102,1호선,경원선,Hoeryong,True,의정부,37.724037,127.047319,한국철도공사,경기도 의정부시 평화로 363
1904,망월사역,I4102,1호선,경원선,Mangwolsa,False,,37.710499,127.047361,한국철도공사,경기도 의정부시 평화로 221
1903,도봉산,I4102,1호선,경원선,Dobongsan,True,수도권 도시철도 7호선,37.689603,127.046047,한국철도공사,서울시 도봉구 도봉로 964-33
1902,도봉역,I4102,1호선,경원선,Dobong,False,,37.679441,127.045521,한국철도공사,서울시 도봉구 도봉로 170길 2
1901,방학역,I4102,1호선,경원선,Banghak,False,,37.667471,127.044295,한국철도공사,서울시 도봉구 도봉로 150다길 3
1022,창동,I4102,1호선,경원선,Chang-dong,True,수도권 광역철도 4호선,37.653181,127.047663,한국철도공사,서울시 도봉구 마들로 11길 77(창1동 135-86)
1021,녹천역,I4102,1호선,경원선,Nokcheon,False,,37.644599,127.051406,한국철도공사,서울시 도봉구 덕릉로 376(창동)
1020,월계역,I4102,1호선,경원선,Wolgye,False,,37.633114,127.058835,한국철도공사,서울시 노원구 월계로 53길 40(월계2동 261)
1019,광운대역,I4102,1호선,경원선,Kwangwoon Univ.,True,경춘선,37.62357,127.06181,한국철도공사,서울시 노원구 석계로 98-2(광운대역)
1018,석계,I4102,1호선,경원선,Seokgye,True,6호선,37.615206,127.065594,한국철도공사,서울시 노원구 화랑로 341(월계동 36-4)
1017,신이문역,I4102,1호선,경원선,Sinimun,False,,37.601829,127.067347,한국철도공사,서울시 동대문구 한천로 472(이문로 7)
1016,외대앞역,I4102,1호선,경원선,Hankuk Univ. of Foreign Studies,False,,37.596157,127.063572,한국철도공사,서울시 동대문구 휘경로 27(이문동 360-5)
1015,회기역,I4102,1호선,경원선,Hoegi,True,"경의중앙선, 경춘선",37.589602,127.057936,한국철도공사,서울시 동대문구 회기로196(휘경동 317-101)
1014,청량리역,I4102,1호선,경원선,Cheongnyangni,True,"1호선, 경춘선, 분당선",37.580543,127.048077,한국철도공사,서울시 동대문구 왕산로 214
0124,청량리역,I4101,1호선,1호선,Cheongnyangni (University of Seoul),True,수도권  광역철도 분당+수도권  광역철도 경춘+수도권  광역철도 경의중앙,37.580148,127.045063,서울교통공사,서울특별시 동대문구 왕산로 지하205(전농동)
0125,제기동,I4101,1호선,1호선,Jegidong,False,,37.578116,127.034902,서울교통공사,서울특별시 동대문구 왕산로 지하93(제기동)
0126,신설동,I4101,1호선,1호선,Sinseoldong,True,수도권  도시철도 2호선,37.576117,127.02471,서울교통공사,서울특별시 동대문구 왕산로 지하1(신설동)
0127,동묘앞,I4101,1호선,1호선,Dongmyo,True,수도권  도시철도 6호선,37.573265,127.016459,서울교통공사,서울특별시 종로구 종로 359(숭인동)
0128,동대문,I4101,1호선,1호선,Dongdaemun,True,수도권  광역철도 4호선,37.571646,127.01069,서울교통공사,서울특별시 종로구 종로 지하302(창신동)
0129,종로5가,I4101,1호선,1호선,Jongno 5(o)ga,False,,37.570971,127.0019,서울교통공사,서울특별시 종로구 종로 지하216(종로5가)
0130,종로3가,I4101,1호선,1호선,Jongno 3(sam)ga,True,수도권  광역철도 3호선+수도권  도시철도 5호선,37.570429,126.992095,서울교통공사,서울특별시 종로구 종로 지하129(종로3가)
0131,종각,I4101,1호선,1호선,Jonggak,False,,37.570203,126.983116,서울교통공사,서울특별시 종로구 종로 지하55(종로1가)
0132,시청,I4101,1호선,1호선,City Hall,True,수도권  도시철도 2호선,37.565211,126.977207,서울교통공사,서울특별시 중구 세종대로 지하101(정동)
0133,서울역,I4101,1호선,1호선,Seoul Station,True,수도권  광역철도 4호선+수도권  광역철도 경의중앙+수도권  광역철도 공항,37.55585,126.972103,서울교통공사,서울특별시 중구 세종대로 지하2(남대문로 5가)
1002,남영역,I4101,1호선,경부선,Namyeong,False,,37.540597,126.971171,한국철도공사,서울시 용산구 한강대로 77길 25(갈월동)
1003,용산역,I4101,1호선,경부선,Yongsan,True,경의중앙선,37.52989,126.964775,한국철도공사,서울시 용산구 한강대로 23길 55(한강로 3가 40-999)
1004,노량진,I4101,1호선,경부선,Noryangjin,True,서울 도시철도 9호선,37.514072,126.941671,한국철도공사,서울시 동작구 노량진로 151
1005,대방역,I4101,1호선,경부선,Daebang,True,수도권 경량도시철도 신림선,37.513392,126.926407,한국철도공사,서울시 영등포구 여의대방로 300
1032,신길,I4101,1호선,경부선,Singil,True,수도권 도시철도 5호선,37.517018,126.917743,한국철도공사,서울시 영등포구 영등포로 327
1006,영등포역,I4101,1호선,경부선,Yeongdeungpo,False,,37.515756,126.907411,한국철도공사,서울시 영등포구 경인로 846(영등포동 1가 618-496)
1007,신도림,I4101,1호선,경부선,Sindorim,True,수도권 도시철도 2호선,37.508983,126.891513,한국철도공사,서울시 구로구 새말로 117-21
1701,구로역,I4101,1호선,경부선,Guro,False,,37.503178,126.882037,한국철도공사,서울시 구로구 구로중앙로 174
1702,가산디지털단지,I4101,1호선,경부선,Gasan Digital Complex,True,수도권 도시철도 7호선,37.481568,126.882628,한국철도공사,서울시 금천구 벚꽃로 309
1714,독산역,I4101,1호선,경부선,Doksan,False,,37.465994,126.889508,한국철도공사,서울시 금천구 벚꽃로 115
1703,금천구청역,I4101,1호선,경부선,Geumcheon-gu Office,False,,37.45576,126.894344,한국철도공사,서울시 금천구 시흥대로 63길 91
1704,석수역,I4101,1호선,경부선,Seoksu,False,,37.435161,126.902233,한국철도공사,경기도 안양시 만안구 경수대로 1431
1705,관악역,I4101,1호선,경부선,Gwanak,False,,37.419578,126.908476,한국철도공사,경기도 안양시 만안구 경수대로 1273번길 46
1706,안양역,I4101,1호선,경부선,Anyang,False,,37.401929,126.922647,한국철도공사,경기도 안양시 만안구 만안로 232
1707,명학역,I4101,1호선,경부선,Myeonghak,False,,37.384435,126.935579,한국철도공사,경기도 안양시 만안구 만안로 20
1708,금정역,I4101,1호선,경부선,Geumjeong,True,안산과천선,37.371957,126.943411,한국철도공사,경기도 군포시 군포로 750
1709,군포역,I4101,1호선,경부선,Gunpo,False,,37.353732,126.948517,한국철도공사,경기도 군포시 군포역1길 27
1729,당정역,I4101,1호선,경부선,Dangjeong,False,,37.34338,126.948388,한국철도공사,경기도 군포시 당정역로 91
1710,의왕역,I4101,1호선,경부선,Uiwang,False,,37.320648,126.948099,한국철도공사,경기도 의왕시 철도박물관로 66(삼동)
1711,성균관대역,I4101,1호선,경부선,Sungkyunkwan Univ.,False,,37.300344,126.970861,한국철도공사,경기도 수원시 장안구 서부로 2149
1712,화서역,I4101,1호선,경부선,Hwaseo,False,,37.28399,126.989581,한국철도공사,경기도 수원시 팔달구 덕영대로 692
1713,수원역,I4101,1호선,경부선,Suwon,True,수인선,37.266162,126.999821,한국철도공사,경기도 수원시 팔달구 덕영대로 924
1715,세류역,I4101,1호선,경부선,Seryu,False,,37.244102,127.013772,한국철도공사,경기도 수원시 권선구 정조로 393-1
1716,병점역,I4101,1호선,경부선,Byeongjeom,False,,37.206821,127.033268,한국철도공사,경기도 화성시 떡전골로 97
1717,세마역,I4101,1호선,경부선,Sema,False,,37.187288,127.043279,한국철도공사,경기도 오산시 세마역로 88
1718,오산대역,I4101,1호선,경부선,Osan College,False,,37.169401,127.063081,한국철도공사,경기도 오산시 청학로 236
1719,오산역,I4101,1호선,경부선,Osan,False,,37.145472,127.066708,한국철도공사,경기도 오산시 오산동 역광장로 59
1720,진위역,I4101,1호선,경부선,Jinwi,False,,37.109771,127.062342,한국철도공사,경기도 평택시 경기대로 1855
1721,송탄역,I4101,1호선,경부선,Songtan,False,,37.075376,127.054397,한국철도공사,경기도 평택시 신장동 송탄공원로 43
1722,서정리역,I4101,1호선,경부선,Seojeong-ri,False,,37.056459,127.052844,한국철도공사,경기도 평택시 탄현로 51
1723,평택지제역,I4101,1호선,경부선,PyeongtaekJije,False,,37.018822,127.070269,한국철도공사,경기도 평택시 경기대로 777
1724,평택역,I4101,1호선,경부선,Pyeongtaek,False,,36.990559,127.085496,한국철도공사,경기도 평택시 평택로 51
1725,성환역,I4101,1호선,경부선,Seonghwan,False,,36.915781,127.127007,한국철도공사,충남 천안시 서북구 성환읍 성환1로 237-5(성환리 449-128)
1726,직산역,I4101,1호선,경부선,Jiksan,False,,36.870921,127.143774,한국철도공사,충남 천안시 서북구 직산읍 천안대로 1471-33
1727,두정역,I4101,1호선,경부선,Dujeong,False,,36.833791,127.148905,한국철도공사,충남 천안시 서북구 두정로 289(두정동 84-1)
1728,천안역,I4401,1호선,경부선,Cheonan,False,,36.810238,127.146417,한국철도공사,충남 천안시 동남구 대흥로 239(대흥동 57-1)
1749,서동탄역,I4101,1호선,경부선,Seodongtan,False,,37.195675,127.051893,한국철도공사,경기도 오산시 외삼미로 15번길 75-60
1750,광명역,I4101,1호선,경부선,Gwangmyeong,False,,37.415995,126.884523,한국철도공사,경기도 광명시 광명역로 21
1813,구일역,I1101,1호선,경인선,Guil,False,,37.495973,126.869201,한국철도공사,서울시 구로구 구일로 133
1801,개봉역,I1101,1호선,경인선,Gaebong,False,,37.494698,126.858504,한국철도공사,서울시 구로구 경인로 40길 47
1802,오류동역,I1101,1호선,경인선,Oryu-dong,False,,37.4944,126.844551,한국철도공사,서울시 구로구 경인로 20길 13
1821,온수역,I1101,1호선,경인선,Onsu,True,수도권 도시철도 7호선,37.492267,126.823399,한국철도공사,서울시 구로구 부일로 872
1803,역곡역,I1101,1호선,경인선,Yeokgok,False,,37.48514,126.811622,한국철도공사,경기도 부천시 원미구 역곡로 1(역곡동)
4804,소사역,I1101,1호선,경인선,Sosa,True,서해선,37.482755,126.795654,한국철도공사,경기도 부천시 소사구 경인로 363
1804,부천역,I1101,1호선,경인선,Bucheon,False,,37.484066,126.782779,한국철도공사,경기도 부천시 소사구 부천로 1
1822,중동역,I1101,1호선,경인선,Jung-dong,False,,37.486664,126.764474,한국철도공사,경기도 부천시 소사구 중동로 73
1805,송내역,I1101,1호선,경인선,Songnae,False,,37.487626,126.753045,한국철도공사,경기도 부천시 소사구 송내대로 43
1815,부개역,I1101,1호선,경인선,Bugae,False,,37.488479,126.740549,한국철도공사,인천시 부평구 수변로 22
1806,부평역,I1101,1호선,경인선,Bupyeong,True,인천지하철 1호선,37.489457,126.724584,한국철도공사,인천시 부평구 광장로 16
1807,백운역,I1101,1호선,경인선,Baegun,False,,37.483301,126.707179,한국철도공사,인천시 부평구 마장로 55번길 14
1808,동암역,I1101,1호선,경인선,Dongam,False,,37.470835,126.703016,한국철도공사,인천시 부평구 동암광장로 10
1816,간석역,I1101,1호선,경인선,Ganseok,False,,37.464689,126.693408,한국철도공사,인천시 남동구 석정로 522-14
1809,주안역,I1101,1호선,경인선,Juan,True,인천지하철 2호선,37.465041,126.680702,한국철도공사,인천시 남구 주안로 95-19
1823,도화역,I1101,1호선,경인선,Dohwa,False,,37.466154,126.66846,한국철도공사,인천시 남구 숙골로 24번길 9
1810,제물포역,I1101,1호선,경인선,Jemulpo,False,,37.466809,126.657165,한국철도공사,인천시 남구 경인로 129
1817,도원역,I1101,1호선,경인선,Dowon,False,,37.468604,126.642824,한국철도공사,인천시 동구 참외전로 245
1811,동인천역,I1101,1호선,경인선,Dongincheon,False,,37.475414,126.632598,한국철도공사,인천시 중구 참외전로 119
1812,인천역,I1101,1호선,경인선,Incheon,True,수인선,37.476364,126.616936,한국철도공사,인천시 중구 제물량로 269
0201,시청,S1102,2호선,2호선,City Hall,True,수도권  광역철도 1호선,37.563534,126.975271,서울교통공사,서울특별시 중구 서소문로 지하127(서소문동)
0202,을지로입구,S1102,2호선,2호선,Euljiro 1(il)ga,False,,37.565998,126.982569,서울교통공사,서울특별시 중구 을지로 지하42(을지로1가)
0203,을지로3가,S1102,2호선,2호선,Euljiro 3(sam)ga,True,수도권  광역철도 3호선,37.566292,126.990873,서울교통공사,서울특별시 중구 을지로 지하106(을지로3가)
0204,을지로4가,S1102,2호선,2호선,Euljiro 4(sa)ga,True,수도권  도시철도 5호선,37.566611,126.997622,서울교통공사,서울특별시 중구 을지로 지하178(을지로4가)
0205,동대문역사문화공원(DDP),S1102,2호선,2호선,Dongdaemun History & Culture Park,True,수도권  광역철도 4호선+수도권  도시철도 5호선,37.565609,127.009083,서울교통공사,서울특별시 중구 을지로 지하279(을지로7가)
0206,신당,S1102,2호선,2호선,Sindang,True,수도권  도시철도 6호선,37.565675,127.0194259,서울교통공사,서울특별시 중구 퇴계로 지하431-1(신당동)
0207,상왕십리,S1102,2호선,2호선,Sangwangsimni,False,,37.564444,127.029322,서울교통공사,서울특별시 성동구 왕십리로 지하374(하왕십리동)
0208,왕십리(성동구청),S1102,2호선,2호선,Wangsimni,True,수도권  도시철도 5호선+수도권 광역철도 분당+수도권 광역철도 경의중앙,37.561289,127.0370615,서울교통공사,서울특별시 성동구 왕십리로 지하300(행당동)
0209,한양대,S1102,2호선,2호선,Hanyang Univ.,False,,37.555758,127.0436594,서울교통공사,서울특별시 성동구 왕십리로 206(행당동)
0210,뚝섬,S1102,2호선,2호선,Ttukseom,False,,37.54718,127.047413,서울교통공사,서울특별시 성동구 아차산로 18(성수동1가)
0211,성수,S1102,2호선,2호선,Seongsu,False,,37.544628,127.055983,서울교통공사,서울특별시 성동구 아차산로 100(성수동2가)
0212,건대입구,S1102,2호선,2호선,Konkuk Univ.,True,수도권  도시철도 7호선,37.540408,127.069231,서울교통공사,서울특별시 광진구 아차산로 243(화양동)
0213,구의(광진구청),S1102,2호선,2호선,Guui (Gwangjin-gu Office),False,,37.537157,127.0862124,서울교통공사,서울특별시 광진구 아차산로 384-1(구의동)
0214,강변(동서울터미널),S1102,2호선,2호선,Gangbyeon (Dongseoul Bus Terminal),False,,37.535161,127.094684,서울교통공사,서울특별시 광진구 강변역로 53(구의동)
0215,잠실나루,S1102,2호선,2호선,Jamsillaru,False,,37.520688,127.103836,서울교통공사,서울특별시 송파구 오금로 20(신천동)
0216,잠실(송파구청),S1102,2호선,2호선,Jamsil (Songpa-gu Office),True,수도권  도시철도 8호선,37.513305,127.100129,서울교통공사,서울특별시 송파구 올림픽로 지하265(신천동)
0217,잠실새내,S1102,2호선,2호선,Jamsilsaenae,False,,37.511653,127.086224,서울교통공사,서울특별시 송파구 올림픽로 지하140(잠실동)
0218,종합운동장,S1102,2호선,2호선,Sports Complex,True,수도권  도시철도 9호선,37.511128,127.073841,서울교통공사,서울특별시 송파구 올림픽로 지하23(잠실동)
0219,삼성(무역센터),S1102,2호선,2호선,Samseong (World Trade Center Seoul),False,,37.508827,127.063203,서울교통공사,서울특별시 강남구 테헤란로 지하538(삼성동)
0220,선릉,S1102,2호선,2호선,Seolleung,True,수도권  광역철도 분당,37.504257,127.048174,서울교통공사,서울특별시 강남구 테헤란로 지하340(삼성동)
0221,역삼,S1102,2호선,2호선,Yeoksam,False,,37.500658,127.03643,서울교통공사,서울특별시 강남구 테헤란로 지하156(역삼동)
0222,강남,S1102,2호선,2호선,Gangnam,True,수도권  광역철도 신분당선,37.49805,127.02795,서울교통공사,서울특별시 강남구 강남대로 지하396(역삼동)
0223,교대(법원·검찰청),S1102,2호선,2호선,Seoul Nat'l Univ. of Education (Court & Public Prosecutor's Office),True,수도권  광역철도 3호선,37.493957,127.014431,서울교통공사,서울특별시 서초구 서초대로 지하294(서초동)
0224,서초,S1102,2호선,2호선,Seocho,False,,37.49191,127.007685,서울교통공사,서울특별시 서초구 서초대로 지하233(서초동)
0225,방배,S1102,2호선,2호선,Bangbae,False,,37.481469,126.997627,서울교통공사,서울특별시 서초구 방배로 지하80(방배동)
0226,사당,S1102,2호선,2호선,Sadang,True,수도권  광역철도 4호선,37.476536,126.981631,서울교통공사,서울특별시 동작구 남부순환로 지하2089(사당동)
0227,낙성대(강감찬),S1102,2호선,2호선,Nakseongdae,False,,37.47713,126.963583,서울교통공사,서울특별시 관악구 남부순환로 지하1928(봉천동)
0228,서울대입구(관악구청),S1102,2호선,2호선,Seoul Nat‘l Univ. (Gwanak-gu Office),False,,37.481233,126.952745,서울교통공사,서울특별시 관악구 남부순환로 지하1822(봉천동)
0229,봉천,S1102,2호선,2호선,Bongcheon,False,,37.482416,126.941696,서울교통공사,서울특별시 관악구 남부순환로 지하1721(봉천동)
0230,신림,S1102,2호선,2호선,Sillim,False,,37.484216,126.929573,서울교통공사,서울특별시 관악구 남부순환로 지하1614(신림동)
0231,신대방,S1102,2호선,2호선,Sindaebang,False,,37.487604,126.913479,서울교통공사,서울특별시 동작구 대림로 2(신대방동)
0232,구로디지털단지,S1102,2호선,2호선,Guro Digital Complex,False,,37.4852931,126.901456,서울교통공사,서울특별시 구로구 도림천로 477(구로동)
0233,대림(구로구청),S1102,2호선,2호선,Daerim (Guro-gu Office),True,수도권  도시철도 7호선,37.4932826,126.8949793,서울교통공사,서울특별시 구로구 도림천로 351(구로동)
0234,신도림,S1102,2호선,2호선,Sindorim,True,수도권  광역철도 1호선+수도권 도시철도 2호선,37.508815,126.891222,서울교통공사,서울특별시 구로구 새말로 지하 117-21(신도림동)
0235,문래,S1102,2호선,2호선,Mullae,False,,37.517993,126.894766,서울교통공사,서울특별시 영등포구 당산로 지하28(문래동3가)
0236,영등포구청,S1102,2호선,2호선,Yeongdeungpo-gu Office,True,수도권  도시철도 5호선,37.525766,126.896627,서울교통공사,서울특별시 영등포구 당산로 지하121(당산동3가)
0237,당산,S1102,2호선,2호선,Dangsan,True,수도권  도시철도 9호선,37.534807,126.902611,서울교통공사,서울특별시 영등포구 당산로 229(당산동6가)
0238,합정,S1102,2호선,2호선,Hapjeong,True,수도권  도시철도 6호선,37.550025,126.914557,서울교통공사,서울특별시 마포구 양화로 지하55(서교동)
0239,홍대입구,S1102,2호선,2호선,Hongik Univ.,True,수도권  광역철도 공항+수도권 광역철도 경의중앙,37.556748,126.923643,서울교통공사,서울특별시 마포구 양화로 지하160(동교동)
0240,신촌(지하),S1102,2호선,2호선,Sinchon,False,,37.555153,126.93689,서울교통공사,서울특별시 마포구 신촌로 지하90(노고산동)
0241,이대,S1102,2호선,2호선,Ewha Womans Univ.,False,,37.556734,126.945897,서울교통공사,서울특별시 마포구 신촌로 지하180(염리동)
0242,아현,S1102,2호선,2호선,Ahyeon,False,,37.557407,126.956079,서울교통공사,서울특별시 마포구 신촌로 지하270(아현동)
0243,충정로(경기대입구),S1102,2호선,2호선,Chungjeongno (Kyonggi Univ.),True,수도권  도시철도 5호선,37.559742,126.964455,서울교통공사,서울특별시 서대문구 서소문로 지하17(충정로3가)
2111,용답,S1121,2호선,2호선,Yongdap,False,,37.562066,127.05087863,서울교통공사,서울특별시 성동구 용답길 86(용답동)
2112,신답,S1121,2호선,2호선,Sindap,False,,37.569847,127.047048,서울교통공사,서울특별시 성동구 천호대로 232(용답동)
2113,용두(동대문구청),S1121,2호선,2호선,Yongdu (Dongdaemun-gu Office),False,,37.574012,127.03811,서울교통공사,서울특별시 동대문구 천호대로 지하129(용두동)
2114,신설동,S1121,2호선,2호선,Sinseoldong,False,수도권  도시철도 2호선,37.574653,127.025158,서울교통공사,서울특별시 동대문구 왕산로 지하 1(신설동)
2341,도림천,S1122,2호선,2호선,Dorimcheon,False,,37.5145589,126.882586,서울교통공사,서울특별시 구로구 경인로67길 160(신도림동)
2342,양천구청,S1122,2호선,2호선,Yangcheon-gu Office,False,,37.5123294,126.865593,서울교통공사,서울특별시 양천구 목동로3길 지하33(신정동)
2343,신정네거리,S1122,2호선,2호선,Sinjeongnegeori,False,,37.520218,126.852849,서울교통공사,서울특별시 양천구 중앙로 지하261(신정동)
0319,지축,I1103,3호선,3호선,Jichuk,False,,37.648151,126.913751,서울교통공사,경기도 고양시 덕양구 삼송로 300(지축동)
0320,구파발,I1103,3호선,3호선,Gupabal,False,,37.636612,126.918827,서울교통공사,서울특별시 은평구 진관2로 지하15-25 (진관동)
0321,연신내,I1103,3호선,3호선,Yeonsinnae,True,수도권  도시철도 6호선,37.619295,126.920959,서울교통공사,서울특별시 은평구 통일로 지하849(갈현동)
0322,불광,I1103,3호선,3호선,Bulgwang,True,수도권  도시철도 6호선,37.610154,126.930183,서울교통공사,서울특별시 은평구 통일로 지하723-1(대조동)
0323,녹번,I1103,3호선,3호선,Nokbeon,False,,37.600882,126.935758,서울교통공사,서울특별시 은평구 통일로 지하602-1(녹번동)
0324,홍제,I1103,3호선,3호선,Hongje,False,,37.588851,126.944092,서울교통공사,서울특별시 서대문구 통일로 지하440-1(홍제동)
0325,무악재,I1103,3호선,3호선,Muakjae,False,,37.582658,126.950131,서울교통공사,서울특별시 서대문구 통일로 지하361(홍제동)
0326,독립문,I1103,3호선,3호선,Dongnimmun,False,,37.574534,126.957902,서울교통공사,서울특별시 서대문구 통일로 지하247(현저동)
0327,경복궁(정부서울청사),I1103,3호선,3호선,Gyeongbokgung (Government Complex-Seoul),False,,37.575844,126.973576,서울교통공사,서울특별시 종로구 사직로 지하130(적선동)
0328,안국,I1103,3호선,3호선,Anguk,False,,37.576562,126.98547,서울교통공사,서울특별시 종로구 율곡로 지하62(안국동)
0329,종로3가,I1103,3호선,3호선,Jongno 3(sam)ga,True,수도권  도시철도 5호선+수도권 광역철도 1호선,37.571537,126.991837,서울교통공사,서울특별시 종로구 돈화문로 지하30(묘동)
0330,을지로3가,I1103,3호선,3호선,Euljiro 3(sam)ga,True,수도권  도시철도 2호선,37.566299,126.992616,서울교통공사,서울특별시 중구 을지로 지하129(을지로3가)
0331,충무로,I1103,3호선,3호선,Chungmuro,True,수도권  광역철도 4호선,37.561382,126.994173,서울교통공사,서울특별시 중구 퇴계로 지하214(필동2가)
0332,동대입구,I1103,3호선,3호선,Dongguk Univ.,False,,37.55906,127.005273,서울교통공사,서울특별시 중구 동호로 지하256(장충동2가)
0333,약수,I1103,3호선,3호선,Yaksu,True,수도권  도시철도 6호선,37.554554,127.010858,서울교통공사,서울특별시 중구 다산로 지하122(신당동)
0334,금호,I1103,3호선,3호선,Geumho,False,,37.548269,127.015785,서울교통공사,서울특별시 성동구 동호로 지하104(금호동4가)
0335,옥수,I1103,3호선,3호선,Oksu,True,수도권  광역철도 경의중앙,37.541653,127.017303,서울교통공사,서울특별시 성동구 동호로 21(옥수동)
0336,압구정,I1103,3호선,3호선,Apgujeong,False,,37.526169,127.028502,서울교통공사,서울특별시 강남구 압구정로 지하172(신사동)
0337,신사,I1103,3호선,3호선,Sinsa,False,,37.516438,127.020247,서울교통공사,서울특별시 강남구 도산대로 지하102(신사동)
0338,잠원,I1103,3호선,3호선,Jamwon,False,,37.512989,127.011613,서울교통공사,서울특별시 서초구 잠원로4길 지하46(잠원동)
0339,고속터미널,I1103,3호선,3호선,Express Bus Terminal,True,수도권  도시철도 7호선+수도권  도시철도 9호선,37.504953,127.004916,서울교통공사,서울특별시 서초구 신반포로 지하188(반포동)
0340,교대(법원·검찰청),I1103,3호선,3호선,Seoul Nat'l Univ. of Education (Court & Public Prosecutor's Office),True,수도권  도시철도 2호선,37.49306,127.013796,서울교통공사,서울특별시 서초구 서초대로 지하294(서초동)
0341,남부터미널(예술의전당),I1103,3호선,3호선,Nambu Bus Terminal (Seoul Arts Center),False,,37.48494,127.016289,서울교통공사,서울특별시 서초구 서초중앙로 지하31(서초동)
0342,양재(서초구청),I1103,3호선,3호선,Yangjae (Seocho-gu Office),True,수도권  광역철도 신분당선,37.48458,127.03423,서울교통공사,서울특별시 서초구 남부순환로 지하2585(서초동)
0343,매봉,I1103,3호선,3호선,Maebong,False,,37.487114,127.046907,서울교통공사,서울특별시 강남구 남부순환로 지하2744(도곡동)
0344,도곡,I1103,3호선,3호선,Dogok,True,수도권  광역철도 분당,37.491129,127.055694,서울교통공사,서울특별시 강남구 남부순환로 지하2814(도곡동)
0345,대치,I1103,3호선,3호선,Daechi,False,,37.494601,127.063449,서울교통공사,서울특별시 강남구 남부순환로 지하2952(대치동)
0346,학여울,I1103,3호선,3호선,Hangnyeoul,False,,37.496787,127.0708601,서울교통공사,서울특별시 강남구 남부순환로 지하3104(대치동)
0347,대청,I1103,3호선,3호선,Daecheong,False,,37.493607,127.079526,서울교통공사,서울특별시 강남구 일원로 지하2(일원동)
0348,일원,I1103,3호선,3호선,Irwon,False,,37.48389,127.08416,서울교통공사,서울특별시 강남구 일원로 지하121(일원동)
0349,수서,I1103,3호선,3호선,Suseo,True,수도권  광역철도 분당,37.4875,127.101924,서울교통공사,서울특별시 강남구 광평로 지하270(수서동)
0350,가락시장,I1103,3호선,3호선,Garak Market,True,수도권  도시철도 8호선,37.492318,127.1177,서울교통공사,서울특별시 송파구 송파대로 지하257(가락동)
0351,경찰병원,I1103,3호선,3호선,National Police Hospital,False,,37.495754,127.124198,서울교통공사,서울특별시 송파구 중대로 지하149(가락동)
0352,오금,I1103,3호선,3호선,Ogeum,True,수도권  도시철도 5호선,37.502288,127.128344,서울교통공사,서울특별시 송파구 오금로 지하321(오금동)
0409,불암산,I1104,4호선,4호선,Danggogae,False,,37.67009,127.079004,서울교통공사,서울특별시 노원구 상계로 305(상계동)
0410,상계,I1104,4호선,4호선,Sanggye,False,,37.660576,127.073199,서울교통공사,서울특별시 노원구 상계로 182(상계동)
0411,노원,I1104,4호선,4호선,Nowon,True,수도권  도시철도 7호선,37.656274,127.063183,서울교통공사,서울특별시 노원구 상계로 69-1(상계동)
0412,창동,I1104,4호선,4호선,Changdong,True,수도권  광역철도 1호선,37.653315,127.048304,서울교통공사,서울특별시 도봉구 마들로11길 77(창동)
0413,쌍문,I1104,4호선,4호선,Ssangmun,False,,37.648274,127.034381,서울교통공사,서울특별시 도봉구 도봉로 지하 486-1(창동)
0414,수유(강북구청),I1104,4호선,4호선,Suyu (Gangbuk-gu Office),False,,37.637727,127.025371,서울교통공사,서울특별시 강북구 도봉로 지하338(수유동)
0415,미아(서울사이버대학),I1104,4호선,4호선,Mia (Seoul Cyber Univ.),False,,37.626435,127.026151,서울교통공사,서울특별시 강북구 도봉로 지하198(미아동)
0416,미아사거리,I1104,4호선,4호선,Miasageori ,False,,37.613276,127.030083,서울교통공사,서울특별시 강북구 도봉로 지하50(미아동)
0417,길음,I1104,4호선,4호선,Gireum,False,,37.603387,127.025053,서울교통공사,서울특별시 성북구 동소문로 지하248(길음동)
0418,성신여대입구(돈암),I1104,4호선,4호선,Sungshin Women's Univ. (Donam),False,수도권  광역철도 4호선,37.592882,127.016908,서울교통공사,서울특별시 성북구 동소문로 지하102(동선동4가)
0419,한성대입구(삼선교),I1104,4호선,4호선,Hansung Univ. (Samseongyo),False,,37.58838,127.005951,서울교통공사,서울특별시 성북구 삼선교로 지하1(삼선동1가)
0420,혜화,I1104,4호선,4호선,Hyehwa,False,,37.582116,127.001929,서울교통공사,서울특별시 종로구 대학로 지하120(명륜4가)
0421,동대문,I1104,4호선,4호선,Dongdaemun,True,수도권  광역철도 1호선,37.57099,127.00925,서울교통공사,서울특별시 종로구 율곡로 지하308(종로6가)
0422,동대문역사문화공원(DDP),I1104,4호선,4호선,Dongdaemun History & Culture Park,True,수도권  도시철도 2호선+수도권  도시철도 5호선,37.565141,127.007808,서울교통공사,서울특별시 중구 장충단로 지하230(광희동2가)
0423,충무로,I1104,4호선,4호선,Chungmuro,True,수도권  광역철도 3호선,37.561352,126.994573,서울교통공사,서울특별시 중구 퇴계로 지하214(필동2가)
0424,명동,I1104,4호선,4호선,Myeongdong,False,,37.560955,126.986271,서울교통공사,서울특별시 중구 퇴계로 지하126(충무로2가)
0425,회현(남대문시장),I1104,4호선,4호선,Hoehyeon (Namdaemun Market),False,,37.558698,126.978346,서울교통공사,서울특별시 중구 퇴계로 지하54(남창동)
0426,서울역,I1104,4호선,4호선,Seoul Station,True,수도권  광역철도 1호선+수도권 광역철도 경의중앙+수도권 광역철도 공항,37.553172,126.972706,서울교통공사,서울특별시 용산구 한강대로 지하392(동자동)
0427,숙대입구(갈월),I1104,4호선,4호선,Sookmyung Women's Univ. (Garwol),False,,37.5447834,126.9721,서울교통공사,서울특별시 용산구 한강대로 지하306(갈월동)
0428,삼각지(전쟁기념관),I1104,4호선,4호선,Samgakji,True,수도권  도시철도 6호선,37.534457,126.972992,서울교통공사,서울특별시 용산구 한강대로 지하180(한강로1가)
0429,신용산,I1104,4호선,4호선,Sinyongsan,False,,37.52909,126.96788,서울교통공사,서울특별시 용산구 한강대로 지하112(한강로2가)
0430,이촌(국립중앙박물관),I1104,4호선,4호선,Ichon (National Museum of Korea),True,수도권  광역철도 경의중앙,37.52919,126.9679818,서울교통공사,서울특별시 용산구 서빙고로 지하83(용산동5가)
0431,동작(현충원),I1104,4호선,4호선,Dongjak (Seoul National Cemetery),True,수도권  도시철도 9호선,37.503567,126.980171,서울교통공사,서울특별시 동작구 현충로 257(동작동)
0432,총신대입구(이수),I1104,4호선,4호선,Chongshin Univ. (Isu),True,수도권  도시철도 7호선,37.487521,126.982309,서울교통공사,서울특별시 동작구 동작대로 지하117(사당동)
0433,사당,I1104,4호선,4호선,Sadang,True,수도권  도시철도 2호선,37.476263,126.981636,서울교통공사,서울특별시 동작구  동작대로 지하3(사당동)
0434,남태령,I1104,4호선,4호선,Namtaeryeong,False,,37.464339,126.989081,서울교통공사,서울특별시 서초구 과천대로 지하816(방배동)
0510,방화,S1105,5호선,5호선,Banghwa,False,,37.577669,126.812822,서울교통공사,서울특별시 강서구 금낭화로 지하132(방화동)
0511,개화산,S1105,5호선,5호선,Gaehwasan,False,,37.572458,126.806838,서울교통공사,서울특별시 강서구 양천로 22(방화동)
0512,김포공항,S1105,5호선,5호선,Gimpo Int'l Airport,True,수도권 도시철도 9호선+수도권 광역철도 공항+김포도시철도+서해선,37.56217,126.801273,서울교통공사,서울특별시 강서구 하늘길 지하77(방화동)
0513,송정,S1105,5호선,5호선,Songjeong,False,,37.561201,126.812052,서울교통공사,서울특별시 강서구 공항대로 지하33(공항동)
0514,마곡,S1105,5호선,5호선,Magok,False,,37.55865,126.837693,서울교통공사,서울특별시 강서구 공항대로 지하163(마곡동)
0515,발산,S1105,5호선,5호선,Balsan,False,,37.558692,126.837633,서울교통공사,서울특별시 강서구 공항대로 지하267(마곡동)
0516,우장산,S1105,5호선,5호선,Ujangsan,False,,37.548864,126.83633,서울교통공사,서울특별시 강서구 강서로 지하262(화곡동)
0517,화곡,S1105,5호선,5호선,Hwagok,False,,37.541585,126.840436,서울교통공사,서울특별시 강서구 화곡로 지하168(화곡동)
0518,까치산,S1105,5호선,5호선,Kkachisan,True,수도권  도시철도 2호선,37.5322,126.84645,서울교통공사,서울특별시 강서구 강서로 지하54(화곡동)
0519,신정(은행정),S1105,5호선,5호선,Sinjeong (Eunhaengjeong),False,,37.525001,126.856176,서울교통공사,서울특별시 양천구 오목로 지하179(신정동)
0520,목동,S1105,5호선,5호선,Mokdong,False,,37.526088,126.864296,서울교통공사,서울특별시 양천구 오목로 지하245(목동)
0521,오목교(목동운동장앞),S1105,5호선,5호선,Omokgyo (Mokdong Stadium),False,,37.524557,126.875049,서울교통공사,서울특별시 양천구 오목로 지하342(목동)
0522,양평,S1105,5호선,5호선,Yangpyeong,False,,37.525614,126.886177,서울교통공사,서울특별시 영등포구 양산로 지하21(양평동2가)
0523,영등포구청,S1105,5호선,5호선,Yeongdeungpo-gu Office,True,수도권  도시철도 2호선,37.524209,126.895022,서울교통공사,서울특별시 영등포구 양산로 지하116(당산동3가)
0524,영등포시장,S1105,5호선,5호선,Yeongdeungpo Market,False,,37.52276,126.905143,서울교통공사,서울특별시 영등포구 양산로 지하200(영등포동5가)
0525,신길,S1105,5호선,5호선,Singil,True,수도권  광역철도 1호선,37.51763,126.914886,서울교통공사,서울특별시 영등포구 경인로114가길 지하9(영등포동1가)
0526,여의도,S1105,5호선,5호선,Yeouido,True,수도권  도시철도 9호선,37.521678,126.924318,서울교통공사,서울특별시 영등포구 여의나루로 지하40(여의도동)
0527,여의나루,S1105,5호선,5호선,Yeouinaru,False,,37.527045,126.932807,서울교통공사,서울특별시 영등포구 여의동로 지하343(여의도동)
0528,마포,S1105,5호선,5호선,Mapo,False,,37.539718,126.946043,서울교통공사,서울특별시 마포구 마포대로 지하33(도화동)
0529,공덕,S1105,5호선,5호선,Gongdeok,True,수도권  도시철도 6호선,37.544005,126.951058,서울교통공사,서울특별시 마포구 마포대로 지하100(공덕동)
0530,애오개,S1105,5호선,5호선,Aeogae,False,,37.553592,126.956733,서울교통공사,서울특별시 마포구 마포대로 지하210(아현동)
0531,충정로(경기대입구),S1105,5호선,5호선,Chungjeongno (Kyonggi Univ.),True,수도권  도시철도 2호선,37.560061,126.962783,서울교통공사,서울특별시 서대문구 충정로 지하 28-1(충정로3가)
0532,서대문,S1105,5호선,5호선,Seodaemun,False,,37.565812,126.966639,서울교통공사,서울특별시 종로구 통일로 지하126(평동)
0533,광화문(세종문화회관),S1105,5호선,5호선,Gwanghwamun(Sejong Center for the Performing Arts),False,,37.571645,126.976568,서울교통공사,서울특별시 종로구 세종대로 지하172(세종로)
0534,종로3가(탑골공원),S1105,5호선,5호선,Jongno 3(sam)ga (Tapgol Park),True,수도권  광역철도 3호선+수도권 광역철도 1호선,37.572546,126.990447,서울교통공사,서울특별시 종로구 돈화문로11길 지하 26(돈의동)
0535,을지로4가,S1105,5호선,5호선,Euljiro 4(sa)ga,True,수도권  도시철도 2호선,37.56728,126.998127,서울교통공사,서울특별시 중구 창경궁로 지하51(주교동)
0536,동대문역사문화공원(DDP),S1105,5호선,5호선,Dongdaemun History & Culture Park,True,수도권  도시철도 2호선+수도권 광역철도 4호선,37.564682,127.00533,서울교통공사,서울특별시 중구 마른내로 지하162(광희동1가)
0537,청구,S1105,5호선,5호선,Cheonggu,True,수도권  도시철도 6호선,37.560237,127.01379,서울교통공사,서울특별시 중구 청구로 지하77(신당동)
0538,신금호,S1105,5호선,5호선,Singeumho,False,,37.554504,127.020403,서울교통공사,서울특별시 성동구 금호로 지하154(금호동2가)
0539,행당,S1105,5호선,5호선,Haengdang,False,,37.557297,127.029482,서울교통공사,서울특별시 성동구 행당로 지하89(행당동)
0540,왕십리(성동구청),S1105,5호선,5호선,Wangsimni,True,수도권  도시철도 2호선+수도권 광역철도 분당+수도권 광역철도 경의중앙,37.56197,127.037264,서울교통공사,서울특별시 성동구 왕십리로 지하300(행당동)
0541,마장,S1105,5호선,5호선,Majang,False,,37.566066,127.042921,서울교통공사,서울특별시 성동구 마장로 지하296(마장동)
0542,답십리,S1105,5호선,5호선,Dapsimni,False,,37.566833,127.05266,서울교통공사,서울특별시 성동구 천호대로 지하300(용답동)
0543,장한평,S1105,5호선,5호선,Janghanpyeong,False,,37.561438,127.064601,서울교통공사,서울특별시 동대문구 천호대로 지하405(장안동)
0544,군자(능동),S1105,5호선,5호선,Gunja (Neungdong),True,수도권  도시철도 7호선,37.557102,127.079559,서울교통공사,서울특별시 광진구 천호대로 지하550(능동)
0545,아차산(어린이대공원후문),S1105,5호선,5호선,Achasan (Rear Entrance to Seoul Children's Grand Park),False,,37.552005,127.089609,서울교통공사,서울특별시 광진구 천호대로 지하657(능동)
0546,광나루(장신대),S1105,5호선,5호선,Gwangnaru (Presbyterian College & Theological Seminary),False,,37.545301,127.103478,서울교통공사,서울특별시 광진구 아차산로 지하571(광장동)
0547,천호(풍납토성),S1105,5호선,5호선,Cheonho (Pungnaptoseong),True,수도권  도시철도 8호선,37.538566,127.123539,서울교통공사,서울특별시 강동구 천호대로 지하997(천호동)
0548,강동,S1105,5호선,5호선,Gangdong,False,,37.53581,127.13249,서울교통공사,서울특별시 강동구 천호대로 지하1097(천호동)
0549,길동,S1105,5호선,5호선,Gildong,False,,37.538022,127.140085,서울교통공사,서울특별시 강동구 양재대로 지하1480(길동)
0550,굽은다리(강동구민회관앞),S1105,5호선,5호선,Gubeundari (Gangdong Community Center ),False,,37.545442,127.142844,서울교통공사,서울특별시 강동구 양재대로 지하1572(명일동)
0551,명일,S1105,5호선,5호선,Myeongil,False,,37.551317,127.144002,서울교통공사,서울특별시 강동구 양재대로 지하1632(명일동)
0552,고덕,S1105,5호선,5호선,Godeok,False,,37.555002,127.154214,서울교통공사,서울특별시 강동구 고덕로 지하253(고덕동)
0553,상일동,S1105,5호선,5호선,Sangildong,False,,37.556714,127.166381,서울교통공사,서울특별시 강동구 고덕로 지하359(상일동)
0554,강일,S1105,5호선,5호선,Gangil,False,,37.557521,127.176018,서울교통공사,서울특별시 강동구 고덕로 지하456(강일동)
0555,미사,S1105,5호선,5호선,Misa,False,,37.56309,127.192954,서울교통공사,경기도 하남시 미사강변동로 지하90(망월동)
0556,하남풍산,S1105,5호선,5호선,Hanam Pungsan,False,,37.552201,127.203897,서울교통공사,경기도 하남시 덕풍서로 지하50(덕풍동)
0557,하남시청(덕풍∙신장),S1105,5호선,5호선,Hanam City Hall (Deokpung&Sinjang),False,,37.541723,127.206901,서울교통공사,경기도 하남시 하남대로 지하820(덕풍동)
0558,하남검단산,S1105,5호선,5호선,Hanam Geomdansan,False,,37.539729,127.223427,서울교통공사,경기도 하남시 대청로 지하100(창우동)
P549,둔촌동,S1105,5호선,5호선,Dunchondong,False,,37.527787,127.136219,서울교통공사,서울특별시 강동구 양재대로 지하1369(둔촌동)
P550,올림픽공원(한국체대),S1105,5호선,5호선,Olympic Park (Korea National Sport Univ.),False,,37.516217,127.130957,서울교통공사,서울특별시 송파구 양재대로 지하1233(방이동)
P551,방이,S1105,5호선,5호선,Bangi,False,,37.508752,127.126054,서울교통공사,서울특별시 송파구 양재대로 지하1127(방이동)
P552,오금,S1105,5호선,5호선,Ogeum,True,수도권  광역철도 3호선,37.502228,127.127701,서울교통공사,서울특별시 송파구 오금로 지하321(오금동)
P553,개롱,S1105,5호선,5호선,Gaerong,False,,37.498097,127.134817,서울교통공사,서울특별시 송파구 오금로 지하402(가락동)
P554,거여,S1105,5호선,5호선,Geoyeo,False,,37.493208,127.143983,서울교통공사,서울특별시 송파구 오금로 지하499(거여동)
P555,마천,S1105,5호선,5호선,Macheon,False,,37.494972,127.152784,서울교통공사,서울특별시 송파구 마천로57길 지하7(마천동)
0610,응암,S1106,6호선,6호선,Eungam,False,,37.59859,126.915583,서울교통공사,서울특별시 은평구 증산로 지하477(신사동)
0611,역촌,S1106,6호선,6호선,Yeokchon,False,,37.60605,126.922764,서울교통공사,서울특별시 은평구 서오릉로 지하63(녹번동)
0612,불광,S1106,6호선,6호선,Bulgwang,True,수도권  광역철도 3호선,37.610919,126.929504,서울교통공사,서울특별시 은평구 통일로 지하723-1(대조동)
0613,독바위,S1106,6호선,6호선,Dokbawi,False,,37.618413,126.933035,서울교통공사,서울특별시 은평구 불광로 지하129-1(불광동)
0614,연신내,S1106,6호선,6호선,Yeonsinnae,True,수도권  광역철도 3호선,37.618483,126.920403,서울교통공사,서울특별시 은평구 통일로 지하849(갈현동)
0615,구산,S1106,6호선,6호선,Gusan,False,,37.611196,126.9172519,서울교통공사,서울특별시 은평구 연서로 지하137-1(구산동)
0616,새절(신사),S1106,6호선,6호선,Saejeol (Sinsa),False,,37.591148,126.913613,서울교통공사,서울특별시 은평구 증산로 지하400(신사동)
0617,증산(명지대앞),S1106,6호선,6호선,Jeungsan (Myongji Univ.),False,,37.583989,126.909785,서울교통공사,서울특별시 은평구 증산로 지하306(증산동)
0618,디지털미디어시티,S1106,6호선,6호선,Digital Media City,True,수도권  광역철도 경의중앙+수도권 광역철도 공항,37.5760805,126.901343,서울교통공사,서울특별시 은평구 수색로 지하175(증산동)
0619,월드컵경기장(성산),S1106,6호선,6호선,World Cup Stadium (Seongsan),False,,37.569439,126.899077,서울교통공사,서울특별시 마포구 월드컵로 지하240(성산동)
0620,마포구청,S1106,6호선,6호선,Mapo-gu Office,False,,37.563529,126.903356,서울교통공사,서울특별시 마포구 월드컵로 지하190(성산동)
0621,망원,S1106,6호선,6호선,Mangwon,False,,37.556031,126.910129,서울교통공사,서울특별시 마포구 월드컵로 지하77(망원동)
0622,합정,S1106,6호선,6호선,Hapjeong,True,수도권  도시철도 2호선,37.549033,126.913546,서울교통공사,서울특별시 마포구 양화로 지하45(합정동)
0623,상수,S1106,6호선,6호선,Sangsu,False,,37.547704,126.92292,서울교통공사,서울특별시 마포구 독막로 지하85(상수동)
0624,광흥창(서강),S1106,6호선,6호선,Gwangheungchang (Seogang),False,,37.547464,126.931971,서울교통공사,서울특별시 마포구 독막로 지하165(창전동)
0625,대흥(서강대앞),S1106,6호선,6호선,Daeheung (Sogang Univ.),False,,37.547732,126.942214,서울교통공사,서울특별시 마포구 대흥로 지하85(대흥동)
0626,공덕,S1106,6호선,6호선,Gongdeok,True,수도권  도시철도 5호선,37.543592,126.951664,서울교통공사,서울특별시 마포구 백범로 지하200(공덕동)
0627,효창공원앞,S1106,6호선,6호선,Hyochang Park ,True,수도권  광역철도 경의중앙,37.539279,126.961348,서울교통공사,서울특별시 용산구 백범로 지하287(효창동)
0628,삼각지(전쟁기념관),S1106,6호선,6호선,Samgakji,True,수도권  광역철도 4호선,37.535563,126.973996,서울교통공사,서울특별시 용산구 한강대로 지하185(한강로1가)
0629,녹사평(용산구청),S1106,6호선,6호선,Noksapyeong (Yongsan-gu Office),False,,37.53469,126.98665,서울교통공사,서울특별시 용산구 녹사평대로 지하195(용산동4가)
0630,이태원,S1106,6호선,6호선,Itaewon,False,,37.534485,126.994369,서울교통공사,서울특별시 용산구 이태원로 지하177(이태원동)
0631,한강진,S1106,6호선,6호선,Hangangjin,False,,37.53956,127.001729,서울교통공사,서울특별시 용산구 이태원로 지하287(한남동)
0632,버티고개,S1106,6호선,6호선,Beotigogae,False,,37.547933,127.006948,서울교통공사,서울특별시 중구 다산로 지하38(신당동)
0633,약수,S1106,6호선,6호선,Yaksu,True,수도권  광역철도 3호선,37.554087,127.010237,서울교통공사,서울특별시 중구 다산로 지하115(신당동)
0634,청구,S1106,6호선,6호선,Cheonggu,True,수도권  도시철도 5호선,37.560221,127.013776,서울교통공사,서울특별시 중구 청구로 지하77(신당동)
0635,신당,S1106,6호선,6호선,Sindang,True,수도권  도시철도 2호선,37.566174,127.016158,서울교통공사,서울특별시 중구 다산로 지하260(흥인동)
0636,동묘앞,S1106,6호선,6호선,Dongmyo,True,수도권  광역철도 1호선,37.572275,127.015666,서울교통공사,서울특별시 종로구 지봉로 지하24(숭인동)
0637,창신,S1106,6호선,6호선,Changsin,False,,37.579772,127.015246,서울교통공사,서울특별시 종로구 지봉로 지하112(창신동)
0638,보문,S1106,6호선,6호선,Bomun,False,수도권  도시철도 6호선,37.585426,127.019722,서울교통공사,서울특별시 성북구 보문로 지하116(보문동1가)
0639,안암(고대병원앞),S1106,6호선,6호선,Anam (Korea Univ. Hospital),False,,37.586261,127.02903,서울교통공사,서울특별시 성북구 고려대로 지하89(안암동5가)
0640,고려대(종암),S1106,6호선,6호선,Korea Univ. (Jongam),False,,37.59034,127.03626,서울교통공사,서울특별시 성북구 종암로 지하1(종암동)
0641,월곡(동덕여대),S1106,6호선,6호선,Wolgok (Dongduk Women's Univ.),False,,37.60192,127.041492,서울교통공사,서울특별시 성북구 월곡로 지하107(하월곡동)
0642,상월곡(한국과학기술연구원),S1106,6호선,6호선,Sangwolgok(KIST),False,,37.606392,127.048509,서울교통공사,서울특별시 성북구 화랑로 지하157(상월곡동)
0643,돌곶이,S1106,6호선,6호선,Dolgoji,False,,37.610522,127.056419,서울교통공사,서울특별시 성북구 화랑로 지하243(석관동)
0644,석계,S1106,6호선,6호선,Seokgye,True,수도권  광역철도 1호선,37.614937,127.065922,서울교통공사,서울특별시 노원구 화랑로 지하 347-1(월계동) 
0645,태릉입구,S1106,6호선,6호선,Taereung,True,수도권  도시철도 7호선,37.617319,127.074741,서울교통공사,서울특별시 노원구 동일로 지하 992-1(공릉동)
0646,화랑대(서울여대입구),S1106,6호선,6호선,Hwarangdae (Seoul Women's Univ.),False,,37.619875,127.084106,서울교통공사,서울특별시 노원구 화랑로 지하510(공릉동)
0647,봉화산(서울의료원),S1106,6호선,6호선,Bonghwasan (Seoul Medical Center),False,,37.617429,127.0912326,서울교통공사,서울특별시 중랑구 신내로 지하232(신내동)
0648,신내,S1106,6호선,6호선,Sinnae,False,,37.612571,127.104326,서울교통공사,서울특별시 중랑구 용마산로136길 33 신내차량기지
0709,장암,S1107,7호선,7호선,Jangam,False,,37.70015,127.053126,서울교통공사,경기도 의정부시 동일로 121(장암동)
0710,도봉산,S1107,7호선,7호선,Dobongsan,True,수도권  광역철도 1호선,37.689131,127.046548,서울교통공사,서울특별시 도봉구 도봉로 964-40(도봉동)
0711,수락산,S1107,7호선,7호선,Suraksan,False,,37.677804,127.055314,서울교통공사,서울특별시 노원구 동일로 지하1662(상계동)
0712,마들,S1107,7호선,7호선,Madeul,False,,37.664985,127.057701,서울교통공사,서울특별시 노원구 동일로 지하1530-1(상계동)
0713,노원,S1107,7호선,7호선,Nowon,True,수도권  광역철도 4호선,37.654478,127.060555,서울교통공사,서울특별시 노원구 동일로 지하1409(상계동)
0714,중계,S1107,7호선,7호선,Junggye,False,,37.645052,127.064084,서울교통공사,서울특별시 노원구 동일로 지하1308-1(중계동)
0715,하계,S1107,7호선,7호선,Hagye,False,,37.636363,127.067999,서울교통공사,서울특별시 노원구 동일로 지하1196(하계동)
0716,공릉(서울과학기술대),S1107,7호선,7호선,Gongneung (Seoul National Univ. of Science & Technology),False,,37.625642,127.072969,서울교통공사,서울특별시 노원구 동일로 지하1074(공릉동)
0717,태릉입구,S1107,7호선,7호선,Taereung,True,수도권  도시철도 6호선,37.618519,127.075361,서울교통공사,서울특별시 노원구 동일로 지하 992-1(공릉동)
0718,먹골,S1107,7호선,7호선,Meokgol,False,,37.610638,127.077719,서울교통공사,서울특별시 중랑구 동일로 지하901(묵동)
0719,중화,S1107,7호선,7호선,Junghwa,False,,37.602604,127.079254,서울교통공사,서울특별시 중랑구 동일로 지하797(중화동)
0720,상봉,S1107,7호선,7호선,Sangbong,True,수도권  광역철도 경춘+수도권 광역철도 경의중앙,37.595673,127.085708,서울교통공사,서울특별시 중랑구 망우로 297(상봉동)
0721,면목,S1107,7호선,7호선,Myeonmok,False,,37.588671,127.087503,서울교통공사,서울특별시 중랑구 면목로 지하407(면목동) 
0722,사가정,S1107,7호선,7호선,Sagajeong,False,,37.580912,127.088502,서울교통공사,서울특별시 중랑구 사가정로 지하393(면목동)
0723,용마산(용마폭포공원),S1107,7호선,7호선,Yongmasan,False,,37.573752,127.086802,서울교통공사,서울특별시 중랑구 용마산로 지하227(면목동)
0724,중곡,S1107,7호선,7호선,Junggok,False,,37.565877,127.084291,서울교통공사,서울특별시 광진구 능동로 지하417(중곡동)
0725,군자(능동),S1107,7호선,7호선,Gunja (Neungdong),True,수도권  도시철도 5호선,37.557151,127.079484,서울교통공사,서울특별시 광진구 천호대로 지하550(능동)
0726,어린이대공원(세종대),S1107,7호선,7호선,Children's Grand Park (Sejong Univ.),False,,37.547962,127.07465,서울교통공사,서울특별시 광진구 능동로 지하210(화양동)
0727,건대입구,S1107,7호선,7호선,Konkuk Univ.,True,수도권  도시철도 2호선,37.540882,127.071103,서울교통공사,서울특별시 광진구 능동로 지하110(화양동)
0728,자양(뚝섬한강공원),S1107,7호선,7호선,Jayang (Ttukseom Hangang Park),False,,37.531558,127.066714,서울교통공사,서울특별시 광진구 능동로 10(자양동)
0729,청담,S1107,7호선,7호선,Cheongdam,False,,37.519097,127.051851,서울교통공사,서울특별시 강남구 학동로 지하508(청담동)
0730,강남구청,S1107,7호선,7호선,Gangnam-gu Office,True,수도권  광역철도 분당,37.517185,127.04122,서울교통공사,서울특별시 강남구 학동로 지하346(삼성동)
0731,학동,S1107,7호선,7호선,Hakdong,False,,37.514262,127.031738,서울교통공사,서울특별시 강남구 학동로 지하180(논현동)
0732,논현,S1107,7호선,7호선,Nonhyeon,False,,37.511108,127.021385,서울교통공사,서울특별시 강남구 학동로 지하102(논현동)
0733,반포,S1107,7호선,7호선,Banpo,False,,37.508171,127.011717,서울교통공사,서울특별시 서초구 신반포로 지하241(잠원동)
0734,고속터미널,S1107,7호선,7호선,Express Bus Terminal,True,수도권  광역철도 3호선+수도권 도시철도 9호선,37.503387,127.005055,서울교통공사,서울특별시 서초구 신반포로 지하188(반포동)
0735,내방,S1107,7호선,7호선,Naebang,False,,37.48764,126.993541,서울교통공사,서울특별시 서초구 서초대로 지하103(방배동)
0736,이수,S1107,7호선,7호선,Isu,True,수도권  광역철도 4호선,37.485258,126.981766,서울교통공사,서울특별시 동작구 사당로 지하310(사당동)
0737,남성,S1107,7호선,7호선,Namseong,False,,37.484688,126.971108,서울교통공사,서울특별시 동작구 사당로 지하218(사당동)
0738,숭실대입구(살피재),S1107,7호선,7호선,Soongsil Univ. (Salpijae),False,,37.496258,126.953649,서울교통공사,서울특별시 동작구 상도로 지하378(상도동)
0739,상도,S1107,7호선,7호선,Sangdo,False,,37.50279,126.947949,서울교통공사,서울특별시 동작구 상도로 지하272(상도1동)
0740,장승배기,S1107,7호선,7호선,Jangseungbaegi,False,,37.504845,126.939025,서울교통공사,서울특별시 동작구 상도로 지하188(상도동) 
0741,신대방삼거리,S1107,7호선,7호선,Sindaebangsamgeori,False,,37.499717,126.928218,서울교통공사,서울특별시 동작구 상도로 지하76(대방동)
0742,보라매,S1107,7호선,7호선,Boramae,False,,37.499916,126.920112,서울교통공사,서울특별시 동작구 상도로 지하2(대방동)
0743,신풍,S1107,7호선,7호선,Sinpung,False,,37.500107,126.909806,서울교통공사,서울특별시 영등포구 신풍로 지하27(신길동)
0744,대림(구로구청),S1107,7호선,7호선,Daerim (Guro-gu Office),True,수도권  도시철도 2호선,37.492984,126.896997,서울교통공사,서울특별시 영등포구 도림로 지하137(대림동)
0745,남구로,S1107,7호선,7호선,Namguro,False,,37.486181,126.887372,서울교통공사,서울특별시 구로구 도림로 지하7(구로동) 
0746,가산디지털단지,S1107,7호선,7호선,Gasan Digital Complex,True,수도권  광역철도 1호선,37.480376,126.882704,서울교통공사,서울특별시 금천구 벚꽃로 309(가산동)
0747,철산,S1107,7호선,7호선,Cheolsan,False,,37.47616,126.868217,서울교통공사,경기도 광명시 철산로 지하13(철산동)
0748,광명사거리,S1107,7호선,7호선,Gwangmyeongsageori,False,,37.47927,126.854854,서울교통공사,경기도 광명시 오리로 지하980(광명동)
0749,천왕,S1107,7호선,7호선,Cheonwang,False,,37.486699,126.838684,서울교통공사,서울특별시 구로구 오리로 지하1154(천왕동)
0750,온수(성공회대입구),S1107,7호선,7호선,Onsu (Sungkonghoe Univ.),True,수도권  광역철도 1호선,37.492059,126.823294,서울교통공사,서울특별시 구로구 경인로3길 지하64(온수동)
804,별내역,S4108,8호선,수도권 광역철도 8호선,Byeollae,True,수도권 전절 경춘선,37.642517,127.1273,남양주도시공사,경기도 남양주시 경춘북로 375(별내동)
805,다산역,S4108,8호선,수도권 광역철도 8호선,Dasan ,False,,37.62437,127.1498,남양주도시공사,경기도 남양주 다산중앙로 123번길(다산동)
806,동구릉,S1108,8호선,8호선,Donggureung,False,,37.610556,127.135056,구리도시공사,인창동 679-8 일원(구리도매시장)
807,구리(구리전통시장),S1108,8호선,8호선,Guri(Guri Traditional Market),False,,37.60256,127.14073,구리도시공사,인창동 675-1 일원(구리역공원)
808,장자호수공원,S1108,8호선,8호선,Jangja Lake Park,False,,37.587222,127.13793,구리도시공사,수택동 870-3 일원(장자2사거리)
0809,암사역사공원,S1108,8호선,8호선,Amsa History Park,False,,37.557167,127.137556,서울교통공사,서울시 강동구 아리수로 27번길 2
0810,암사,S1108,8호선,8호선,Amsa,False,,37.550127,127.127521,서울교통공사,서울특별시 강동구 올림픽로 지하776(암사동)
0811,천호(풍납토성),S1108,8호선,8호선,Cheonho (Pungnaptoseong),True,수도권  도시철도 5호선,37.53792,127.123179,서울교통공사,서울특별시 강동구 천호대로 지하997(천호동)
0812,강동구청,S1108,8호선,8호선,Gangdong-gu Office,False,,37.530348,127.120461,서울교통공사,서울특별시 강동구 올림픽로 지하550(성내동)
0813,몽촌토성(평화의문),S1108,8호선,8호선,Mongchontoseong (World Peace Gate),False,,37.517692,127.11274,서울교통공사,서울특별시 송파구 올림픽로 지하383(신천동)
0814,잠실(송파구청),S1108,8호선,8호선,Jamsil (Songpa-gu Office),True,수도권  도시철도 2호선,37.514649,127.104267,서울교통공사,서울특별시 송파구 올림픽로 305(신천동)
0815,석촌,S1108,8호선,8호선,Seokchon,False,,37.505396,127.106995,서울교통공사,서울특별시 송파구 송파대로 지하439(석촌동)
0816,송파,S1108,8호선,8호선,Songpa,False,,37.49978,127.11212,서울교통공사,서울특별시 송파구 송파대로 지하354(가락동)
0817,가락시장,S1108,8호선,8호선,Garak Market,True,수도권  광역철도 3호선,37.493004,127.118279,서울교통공사,서울특별시 송파구 송파대로 지하257(가락동)
0818,문정,S1108,8호선,8호선,Munjeong,False,,37.485931,127.122473,서울교통공사,서울특별시 송파구 송파대로 지하179(문정동)
0819,장지,S1108,8호선,8호선,Jangji,False,,37.478609,127.126229,서울교통공사,서울특별시 송파구 송파대로 지하82(장지동)
0820,복정,S1108,8호선,8호선,Bokjeong,True,수도권  광역철도 분당,37.471016,127.126746,서울교통공사,서울특별시 송파구 송파대로 지하6(장지동)
0821,남위례,S1108,8호선,8호선,Namwirye ,False,,37.462839,127.139047,서울교통공사,경기도 성남시 수정구 공원로 601(복정동)
0822,산성,S1108,8호선,8호선,Sanseong,False,,37.456886,127.149927,서울교통공사,경기도 성남시 수정구 수정로 지하365(신흥동)
0823,남한산성입구(성남법원·검찰청),S1108,8호선,8호선,Namhansanseong(Seongnam Court & Public Prosecutor's Office),False,,37.451568,127.159845,서울교통공사,경기도 성남시 수정구 산성대로 지하445(단대동)
0824,단대오거리,S1108,8호선,8호선,Dandaeogeori,False,,37.445057,127.156735,서울교통공사,경기도 성남시 수정구 산성대로 지하365(신흥동)
0825,신흥,S1108,8호선,8호선,Sinheung,False,,37.440952,127.14759,서울교통공사,경기도 성남시 수정구 산성대로 지하280(신흥동)
0826,수진,S1108,8호선,8호선,Sujin,False,,37.437575,127.140936,서울교통공사,경기도 성남시 수정구 산성대로 지하200(수진동)
0827,모란,S1108,8호선,8호선,Moran,True,수도권  광역철도 분당,37.433988,127.129921,서울교통공사,경기도 성남시 수정구 산성대로 지하100(수진동)
4101,개화,S1109,9호선,서울 도시철도 9호선,Gaehwa,False,,37.578591,126.797833,서울특별시 서울시메트로9호선㈜,서울특별시 강서구 개화동로8길 19
4102,김포공항,S1109,9호선,서울 도시철도 9호선,Gimpo Int'l Airport,True,"서울 도시철도 5호선
인천국제공항선
김포골드라인
서해선",37.562056,126.801633,서울특별시 서울시메트로9호선㈜,서울특별시 강서구 하늘길 지하77
4103,공항시장,S1109,9호선,서울 도시철도 9호선,Airport Market,False,,37.563726,126.810678,서울특별시 서울시메트로9호선㈜,서울특별시 강서구 방화동로 지하30
4104,신방화,S1109,9호선,서울 도시철도 9호선,Sinbanghwa,False,,37.5675,126.816667,서울특별시 서울시메트로9호선㈜,서울특별시 강서구 방화대로 지하301
4105,마곡나루(서울식물원),S1109,9호선,서울 도시철도 9호선,Magongnaru(Seoul Botanic Park),True,인천국제공항선,37.566717,126.8276071,서울특별시 서울시메트로9호선㈜,서울특별시 강서구 마곡중앙5로 지하2
4106,양천향교,S1109,9호선,서울 도시철도 9호선,Yangcheon Hyanggyo,False,,37.568333,126.841389,서울특별시 서울시메트로9호선㈜,서울특별시 강서구 양천로 지하341
4107,가양,S1109,9호선,서울 도시철도 9호선,Gayang,False,,37.561111,126.855078,서울특별시 서울시메트로9호선㈜,서울특별시 강서구 양천로 지하485
4108,증미,S1109,9호선,서울 도시철도 9호선,Jeungmi,False,,37.55785,126.861067,서울특별시 서울시메트로9호선㈜,서울특별시 강서구 양천로 지하560
4109,등촌,S1109,9호선,서울 도시철도 9호선,Deungchon,False,,37.551111,126.864722,서울특별시 서울시메트로9호선㈜,서울특별시 강서구 공항대로 지하529
4110,염창,S1109,9호선,서울 도시철도 9호선,Yeomchang,False,,37.546944,126.874722,서울특별시 서울시메트로9호선㈜,서울특별시 강서구 공항대로 지하631
4111,신목동,S1109,9호선,서울 도시철도 9호선,Sinmokdong,False,,37.544167,126.883056,서울특별시 서울시메트로9호선㈜,서울특별시 양천구 목동중앙로 지하217
4112,선유도,S1109,9호선,서울 도시철도 9호선,Seonyudo,False,,37.537778,126.893889,서울특별시 서울시메트로9호선㈜,서울특별시 영등포구 양평로 지하124
4113,당산,S1109,9호선,서울 도시철도 9호선,Dangsan,True,서울 도시철도 2호선,37.533844,126.902222,서울특별시 서울시메트로9호선㈜,서울특별시 영등포구 양평로 지하40
4114,국회의사당,S1109,9호선,서울 도시철도 9호선,National Assembly,False,,37.528105,126.917874,서울특별시 서울시메트로9호선㈜,서울특별시 영등포구 국회대로 지하758
4115,여의도,S1109,9호선,서울 도시철도 9호선,Yeouido,True,서울 도시철도 5호선,37.521744,126.924167,서울특별시 서울시메트로9호선㈜,서울특별시 영등포구 의사당대로 지하101 (여의도동)
4116,샛강,S1109,9호선,서울 도시철도 9호선,Saetgang,True,서울 경량도시철도 신림선,37.5173,126.9284,서울특별시 서울시메트로9호선㈜,서울특별시 영등포구 의사당대로 지하166
4117,노량진,S1109,9호선,서울 도시철도 9호선,Noryangjin,True,경부선,37.513667,126.940917,서울특별시 서울시메트로9호선㈜,서울특별시 동작구 노량진로 지하130
4118,노들,S1109,9호선,서울 도시철도 9호선,Nodeul,False,,37.512726,126.953096,서울특별시 서울시메트로9호선㈜,서울특별시 동작구 노량진로 지하238 (본동)
4119,흑석(중앙대입구),S1109,9호선,서울 도시철도 9호선,Heukseok(Chung-Ang Univ.),False,,37.508889,126.963611,서울특별시 서울시메트로9호선㈜,서울특별시 동작구 현충로 지하90 (흑석동)
4120,동작(현충원),S1109,9호선,서울 도시철도 9호선,Dongjak(Seoul National Cemetery),True,서울 도시철도 4호선,37.502878,126.978278,서울특별시 서울시메트로9호선㈜,서울특별시 동작구 현충로 지하220 (동작동)
4121,구반포,S1109,9호선,서울 도시철도 9호선,Gubanpo,False,,37.501389,126.987222,서울특별시 서울시메트로9호선㈜,서울특별시 서초구 신반포로 지하17
4122,신반포,S1109,9호선,서울 도시철도 9호선,Sinbanpo,False,,37.5035033,126.996044,서울특별시 서울시메트로9호선㈜,서울특별시 서초구 신반포로 지하105
4123,고속터미널,S1109,9호선,서울 도시철도 9호선,Express Bus Terminal,True,"서울 도시철도 3호선
서울 도시철도 7호선",37.505933,127.004044,서울특별시 서울시메트로9호선㈜,서울특별시 서초구 신반포로 지하188
4124,사평,S1109,9호선,서울 도시철도 9호선,Sapyeong,False,,37.504161,127.015219,서울특별시 서울시메트로9호선㈜,서울특별시 서초구 사평대로 지하285
4125,신논현,S1109,9호선,서울 도시철도 9호선,Sinnonhyeon,True,신분당선,37.504444,127.024417,서울특별시 서울시메트로9호선㈜,서울특별시 강남구 봉은사로 지하102
4126,언주,S1109,9호선,수도권  도시철도 9호선,Eonju,False,,37.507287,127.033868,서울시메트로9호선㈜,서울특별시 강남구 봉은사로 201
4127,선정릉,S1109,9호선,수도권  도시철도 9호선,Seonjeongneung,True,수인분당선,37.51028,127.0437593,서울시메트로9호선㈜,서울특별시 강남구 선릉로 580
4128,삼성중앙,S1109,9호선,수도권  도시철도 9호선,Samseongjungang,False,,37.513011,127.053282,서울시메트로9호선㈜,서울특별시 강남구 봉은사로 501
4129,봉은사,S1109,9호선,수도권  도시철도 9호선,Bongeunsa,False,,37.514219,127.060245,서울시메트로9호선㈜,서울특별시 강남구 봉은사로 601
4130,종합운동장,S1109,9호선,수도권  도시철도 9호선,Sports Complex,True,수도권  도시철도 2호선,37.511156,127.076917,서울시메트로9호선㈜,서울특별시 송파구 올림픽로 23
4131,삼전,S1109,9호선,수도권  도시철도 9호선,Samjeon,False,,37.504531,127.087211,서울시메트로9호선㈜,서울특별시 송파구 백제고분로 지하 187
4132,석촌고분,S1109,9호선,수도권  도시철도 9호선,Seokchon Gobun,False,,37.502439,127.096611,서울시메트로9호선㈜,서울특별시 송파구 삼학사로 지하 53 
4133,석촌,S1109,9호선,수도권  도시철도 9호선,Seokchon,True,수도권  도시철도 8호선,37.505078,127.106944,서울시메트로9호선㈜,서울특별시 송파구 석촌동 209
4134,송파나루,S1109,9호선,수도권  도시철도 9호선,Songpanaru,False,,37.51055,127.112451,서울시메트로9호선㈜,서울특별시 송파구 백제고분로 지하 446
4135,한성백제,S1109,9호선,수도권  도시철도 9호선,Hanseong Baekje,False,,37.516369,127.116211,서울시메트로9호선㈜,서울특별시 송파구 위례성대로 지하 51
4136,올림픽공원(한국체대),S1109,9호선,수도권  도시철도 9호선,Olympic Park,True,수도권  도시철도 5호선,37.516111,127.130333,서울시메트로9호선㈜,서울특별시 송파구 양재대로 지하 1233
4137,둔촌오륜,S1109,9호선,수도권  도시철도 9호선,Dunchon Oryun,False,,37.519339,127.138619,서울시메트로9호선㈜,서울특별시 강동구 강동대로 지하 327
4138,중앙보훈병원,S1109,9호선,수도권  도시철도 9호선,VHS Medical Center,False,,37.528807,127.148488,서울시메트로9호선㈜,서울특별시 강동구 명일로 지하 117
D004,신사,I11D1,신분당선,신분당선,Sinsa,True,수도권 광역철도 신분당선,37.5161252633129,127.019760916726,경기도 신분당선,서울특별시 강남구 강남대로 620-2
D005,논현,I11D1,신분당선,신분당선,Nonhyeon,True,수도권 광역철도 신분당선,37.5111153846379,127.021365807131,경기도 신분당선,서울특별시 강남구 강남대로 492-2
D006,신논현,I11D1,신분당선,신분당선,Sinnonhyeon,True,수도권 광역철도 신분당선,37.504555429592,127.024530640799,경기도 신분당선,서울특별시 강남구 강남대로 302-2
D007,강남,I11D1,신분당선,신분당선,Gangnam,True,수도권 광역철도 신분당선,37.4973854397871,127.02787893753,경기도 신분당선,서울특별시 강남구 강남대로 지하 396
D008,양재(서초구청),I11D1,신분당선,신분당선,Yangjae(Secho-gu Office),True,수도권 광역철도 신분당선,37.4844535239588,127.034099452522,경기도 신분당선,서울시 서초구 남부순환로 지하 2585
D009,양재시민의숲(매헌),I11D1,신분당선,신분당선,Yangjae Citizen's Forest(Maeheon),False,,37.4709638768813,127.038420263319,경기도 신분당선,서울특별시 서초구 매헌로 지하 116
D010,청계산입구,I11D1,신분당선,신분당선,Cheonggyesan,False,,37.4487148450701,127.054339616958,경기도 신분당선,서울특별시 서초구 청계산로 지하 179
D011,판교,I11D1,신분당선,신분당선,Pangyo(Pangyo Techno Valley),True,수도권 광역철도 신분당선,37.3957147534829,127.111210738619,경기도 신분당선,경기도 성남시 분당구 판교역로 지하 160
D012,정자,I11D1,신분당선,신분당선,Jeongja,True,수도권 광역철도 신분당선,37.3682101915529,127.108385905864,경기도 신분당선,경기도 성남시 분당구 성남대로 지하 333 
D013,미금,I11D1,신분당선,신분당선,Migeum,True,수도권 광역철도 신분당선,37.3511833209472,127.108902778591,경기도 신분당선,경기도 성남시 성남대로 지하 163 (금곡동)
D014,동천,I11D1,신분당선,신분당선,Dongcheon,False,,37.3386841329961,127.102793673668,경기도 신분당선,경기도 용인시 수지구 신수로 지하760
D015,수지구청,I11D1,신분당선,신분당선,Suji-gu Office,False,,37.3230089609191,127.095581285703,경기도 신분당선,경기도 용인시 수지구 풍덕천로 지하120 
D016,성복,I11D1,신분당선,신분당선,Seongbok,False,,37.3140425091456,127.080757826931,경기도 신분당선,경기도 용인시 수지구 수지로 지하134
D017,상현,I11D1,신분당선,신분당선,Sanghyeon,False,,37.2986852587224,127.06957991138,경기도 신분당선,경기도 용인시 수지구 광교중앙로 지하312
D018,광교중앙(아주대),I11D1,신분당선,신분당선,Gwanggyo Jungang,False,,37.2877375194967,127.052625032841,경기도 신분당선,경기도 수원시 영통구 도청로 지하45
D019,광교(경기대),I11D1,신분당선,신분당선,Gwanggyo (Kyonggi Univ.),False,,37.3017347422146,127.044856131638,경기도 신분당선,경기도 수원시 영통구 대학로 55 신분당선 광교역
